table,column,type,rows,null_count,empty_count,null_pct,empty_pct,missing_pct
name.basics,nconst,StringType(),15716378,0,0,0.0,0.0,0.0
name.basics,primaryName,StringType(),15716378,88,0,0.001,0.0,0.001
name.basics,birthYear,IntegerType(),15716378,15033008,0,95.652,0.0,95.652
name.basics,deathYear,IntegerType(),15716378,15452135,0,98.319,0.0,98.319
name.basics,primaryProfession,StringType(),15716378,3189614,0,20.295,0.0,20.295
name.basics,knownForTitles,StringType(),15716378,1901087,0,12.096,0.0,12.096
title.akas,titleId,StringType(),59668790,0,0,0.0,0.0,0.0
title.akas,ordering,IntegerType(),59668790,0,0,0.0,0.0,0.0
title.akas,title,StringType(),59668790,0,0,0.0,0.0,0.0
title.akas,region,StringType(),59668790,12887488,0,21.598,0.0,21.598
title.akas,language,StringType(),59668790,19468342,0,32.627,0.0,32.627
title.akas,types,StringType(),59668790,39940930,0,66.938,0.0,66.938
title.akas,attributes,StringType(),59668790,59353075,0,99.471,0.0,99.471
title.akas,isOriginalTitle,BooleanType(),59668790,59668790,0,100.0,0.0,100.0
title.basics,tconst,StringType(),12846867,0,0,0.0,0.0,0.0
title.basics,titleType,StringType(),12846867,0,0,0.0,0.0,0.0
title.basics,primaryTitle,StringType(),12846867,0,0,0.0,0.0,0.0
title.basics,originalTitle,StringType(),12846867,0,0,0.0,0.0,0.0
title.basics,isAdult,BooleanType(),12846867,12846867,0,100.0,0.0,100.0
title.basics,startYear,IntegerType(),12846867,1484901,0,11.558,0.0,11.558
title.basics,endYear,IntegerType(),12846867,12684284,0,98.734,0.0,98.734
title.basics,runtimeMinutes,IntegerType(),12846867,8017609,0,62.409,0.0,62.409
title.basics,genres,StringType(),12846867,544458,0,4.238,0.0,4.238
title.crew,tconst,StringType(),12846867,0,0,0.0,0.0,0.0
title.crew,directors,StringType(),12846867,5715026,0,44.486,0.0,44.486
title.crew,writers,StringType(),12846867,6355076,0,49.468,0.0,49.468
title.episode,tconst,StringType(),9934901,0,0,0.0,0.0,0.0
title.episode,parentTconst,StringType(),9934901,0,0,0.0,0.0,0.0
title.episode,seasonNumber,IntegerType(),9934901,2085819,0,20.995,0.0,20.995
title.episode,episodeNumber,IntegerType(),9934901,2085819,0,20.995,0.0,20.995
title.principals,tconst,StringType(),102181300,0,0,0.0,0.0,0.0
title.principals,ordering,IntegerType(),102181300,0,0,0.0,0.0,0.0
title.principals,nconst,StringType(),102181300,0,0,0.0,0.0,0.0
title.principals,category,StringType(),102181300,0,0,0.0,0.0,0.0
title.principals,job,StringType(),102181300,82476931,0,80.716,0.0,80.716
title.principals,characters,StringType(),102181300,52353528,0,51.236,0.0,51.236
title.ratings,tconst,StringType(),1718390,0,0,0.0,0.0,0.0
title.ratings,averageRating,DoubleType(),1718390,0,0,0.0,0.0,0.0
title.ratings,numVotes,IntegerType(),1718390,0,0,0.0,0.0,0.0
